{"width": 630, "westLong": -122.572044, "eastLong": -121.709617, "northLat": 37.906558, "southLat": 37.354062, "height": 510}